movie_id,title,genre,year,plot,rating
1,The Shawshank Redemption,Drama,1994,"Two imprisoned men bond over a number of years, finding solace and eventual redemption through acts of common decency. Andy Dufresne, wrongly convicted of murder, survives decades of abuse and injustice in Shawshank prison.",9.3
2,The Dark Knight,Action/Thriller,2008,"When the menace known as the Joker wreaks havoc and chaos on the people of Gotham, Batman must accept one of the greatest psychological and physical tests of his ability to fight injustice. The film explores the thin line between order and anarchy.",9.0
3,Inception,Sci-Fi/Thriller,2010,"A thief who steals corporate secrets through the use of dream-sharing technology is given the inverse task of planting an idea into the mind of a C.E.O. The deeper he goes into the dream layers, the more reality blurs.",8.8
4,Interstellar,Sci-Fi,2014,"A team of explorers travel through a wormhole in space in an attempt to ensure humanity's survival. With Earth's resources depleted, a former NASA pilot leads a desperate mission across the galaxy seeking a new habitable world.",8.6
5,The Godfather,Crime/Drama,1972,"The aging patriarch of an organized crime dynasty transfers control of his clandestine empire to his reluctant son. A saga of family loyalty, honor, and betrayal that redefined American cinema.",9.2
6,Pulp Fiction,Crime/Drama,1994,"The lives of two mob hitmen, a boxer, a gangster and his wife, and a pair of diner bandits intertwine in four tales of violence and redemption. Tarantino's nonlinear storytelling became a landmark of modern cinema.",8.9
7,Forrest Gump,Drama,1994,"The presidencies of Kennedy and Johnson, the Vietnam War, and the civil rights movement unfold through the perspective of an Alabama man with an extraordinary life. A simple man touches the lives of everyone he meets.",8.8
8,The Matrix,Sci-Fi,1999,"A computer hacker learns from mysterious rebels about the true nature of his reality and his role in the war against its controllers. The film introduced groundbreaking bullet-time visual effects and philosophical themes.",8.7
9,Good Will Hunting,Drama,1997,"Will Hunting, a janitor at MIT, has a gift for mathematics but needs help from a therapist to find direction. A story about genius, trauma, and the courage to embrace one's potential.",8.3
10,Spirited Away,Animation/Fantasy,2001,"During her family's move to the suburbs, a sullen 10-year-old girl wanders into a world ruled by gods, witches, and spirits, and where humans are changed into beasts. She must work to find a way to free herself and her parents.",8.6
11,Parasite,Thriller/Drama,2019,"Greed and class discrimination threaten the newly formed symbiotic relationship between the wealthy Park family and the destitute Kim clan. Bong Joon-ho's Oscar-winning film dissects South Korean class tensions with darkly comic precision.",8.5
12,Get Out,Horror/Thriller,2017,"A young African-American visits his white girlfriend's parents for the weekend, where his mere presence seems to prompt an unexpected response. Jordan Peele's debut blends social satire with visceral horror to devastating effect.",7.7
13,La La Land,Romance/Musical,2016,"While navigating their careers in Los Angeles, a pianist and an actress fall in love while attempting to reconcile their aspirations for the future. A gorgeous love letter to dreamers and Hollywood's golden age.",8.0
14,Mad Max: Fury Road,Action,2015,"In a post-apocalyptic wasteland, a woman rebels against a tyrannical ruler in search of her homeland with the help of a group of female prisoners, a psychotic worshiper, and a drifter named Max. A relentless two-hour car chase masterpiece.",8.1
15,Her,Sci-Fi/Romance,2013,"A lonely writer develops an unlikely relationship with an operating system designed to meet his every need. The film is a tender meditation on connection, loneliness, and what it means to be human in the digital age.",8.0
16,The Social Network,Drama/Biography,2010,"As Harvard student Mark Zuckerberg creates the social networking site that would become known as Facebook, he is sued by the twins who claimed he stole their idea, and by the co-founder who was later ousted from the company.",7.7
17,Whiplash,Drama/Music,2014,"A promising young drummer enrolls at a cut-throat music conservatory where his dreams of greatness are challenged by an abusive instructor. The film explores the psychological cost of artistic perfectionism.",8.5
18,3 Idiots,Comedy/Drama,2009,"Two friends are searching for their long lost companion. They revisit their college days and uncover a long forgotten bet. A hilarious yet deeply touching critique of India's pressure-cooker education system.",8.4
19,Dangal,Drama/Sports,2016,"Former wrestler Mahavir Singh Phogat trains his daughters Geeta and Babita to become world-class wrestlers against the backdrop of a conservative society. Based on the true story of India's first female Commonwealth wrestling champions.",8.3
20,PK,Comedy/Drama,2014,"An alien on a research mission to Earth loses his remote control and must rely on a television reporter to help him find it. Along the way he questions the blind faith and organised religion that divide humanity.",8.1
21,Schindler's List,Historical/Drama,1993,"In German-occupied Poland during World War II, industrialist Oskar Schindler gradually becomes concerned for his Jewish workforce after witnessing their persecution by the Nazis. One of cinema's most powerful accounts of the Holocaust.",9.0
22,The Avengers,Action/Sci-Fi,2012,"Nick Fury of S.H.I.E.L.D. brings together a team of superheroes to pull the world back from the brink of disaster when Loki, the god of mischief, makes a play for world domination. The film redefined the blockbuster ensemble.",8.0
23,Avengers: Endgame,Action/Sci-Fi,2019,"After the devastating events of Infinity War, the Avengers assemble once more in order to reverse Thanos's actions and restore order to the universe. An emotional payoff to over a decade of Marvel storytelling.",8.4
24,The Lion King,Animation/Drama,1994,"A lion prince is exiled after his father is murdered by his uncle, and must reclaim his homeland. A timeless Disney tale of responsibility, guilt, and the circle of life.",8.5
25,Gladiator,Action/Drama,2000,"A former Roman General sets out to exact vengeance against the corrupt emperor who murdered his family and sent him into slavery. Ridley Scott's epic restored the sword-and-sandal genre for a new generation.",8.5
26,Braveheart,Action/Historical,1995,"Scottish warrior William Wallace leads his countrymen in a rebellion to free his homeland from the tyranny of King Edward I of England. Mel Gibson's sweeping historical epic won five Academy Awards.",8.3
27,Titanic,Romance/Drama,1997,"A seventeen-year-old aristocrat falls in love with a kind but poor artist aboard the luxurious, ill-fated R.M.S. Titanic. James Cameron's epic remains one of the highest-grossing films of all time.",7.9
28,Avatar,Sci-Fi/Action,2009,"A paraplegic Marine dispatched to the moon Pandora on a unique mission becomes torn between following his orders and protecting the world he feels is his home. A revolutionary visual spectacle.",7.9
29,Gravity,Sci-Fi/Thriller,2013,"A medical engineer and an astronaut work together to survive after a catastrophe destroys their shuttle and leaves them adrift in orbit. Cuarón's technically breathtaking film is a masterclass in sustained tension.",7.7
30,The Silence of the Lambs,Thriller/Horror,1991,"A young F.B.I. cadet must receive the help of an incarcerated and manipulative cannibal killer to help catch another serial killer. Anthony Hopkins' portrayal of Hannibal Lecter became one of cinema's most iconic villains.",8.6
31,Fight Club,Drama/Thriller,1994,"An insomniac office worker and a devil-may-care soapmaker form an underground fight club that evolves into something much more. David Fincher's anarchic classic remains a touchstone of 1990s cinema.",8.8
32,American Beauty,Drama/Comedy,1999,"A sexually frustrated suburban father has a mid-life crisis after becoming infatuated with his daughter's best friend. Sam Mendes' film is a darkly comic dissection of American suburban life.",8.3
33,No Country for Old Men,Thriller/Crime,2007,"Violence and mayhem ensue after a hunter stumbles upon a drug deal gone wrong and more than two million dollars in cash near the Rio Grande. The Coen Brothers' bleak masterpiece ponders fate and the nature of evil.",8.1
34,There Will Be Blood,Drama,2007,"A story of family, religion, hatred, oil, and madness, focusing on a turn-of-the-century prospector in the early days of the oil business. Daniel Day-Lewis delivers one of cinema's most ferocious performances.",8.2
35,Rocky,Drama/Sports,1976,"A small-time boxer gets a supremely rare chance to fight the world heavyweight champion in a bout in which he strives to go the distance for his self-respect. The original underdog sports story that inspired generations.",8.1
36,The Truman Show,Drama/Sci-Fi,1998,"An insurance salesman discovers his whole life is actually a reality TV show. Jim Carrey delivers a surprisingly moving performance as a man who has never known a world outside the one constructed for him.",8.1
37,Eternal Sunshine of the Spotless Mind,Romance/Sci-Fi,2004,"When their relationship turns sour, a couple undergoes a medical procedure to have each other erased from their memories. A beautifully fractured love story about the pain and necessity of remembering.",8.3
38,28 Days Later,Horror/Thriller,2002,"Four weeks after a mysterious, incurable virus spreads throughout the UK, a handful of survivors try to find sanctuary. Danny Boyle's low-budget horror reinvented the zombie genre for a new generation.",7.6
39,Children of Men,Sci-Fi/Drama,2006,"In 2027, in a chaotic world in which women have somehow become infertile, a former activist agrees to help transport a miraculously pregnant woman to a sanctuary at sea. One of the most viscerally immersive sci-fi films ever made.",7.9
40,Oldboy,Thriller/Mystery,2003,"After being inexplicably imprisoned for 15 years, a man is released and given five days to find his captor. Park Chan-wook's revenge thriller builds to one of cinema's most shocking twists.",8.4
41,Memento,Thriller/Mystery,2000,"A man with short-term memory loss attempts to track down his wife's murderer using a system of tattoos and polaroid photographs. Christopher Nolan's debut masterpiece plays with time and identity in dazzling fashion.",8.4
42,Requiem for a Dream,Drama,2000,"The drug-induced utopias of four Coney Island people are shattered when their addictions run deep. Darren Aronofsky's harrowing portrait of addiction remains one of cinema's most difficult and essential films.",8.3
43,A Beautiful Mind,Drama/Biography,2001,"After John Nash, a brilliant but asocial mathematician, accepts secret work in cryptography, his life takes a turn for the nightmarish. Russell Crowe's performance anchors this moving portrait of genius and mental illness.",8.2
44,Rain Man,Drama,1988,"Selfish yuppie Charlie Babbitt's father left a fortune to his savant brother Raymond and a pittance to Charlie; Charlie hates Raymond and wants to either get the money or get even. A touching portrait of brotherly love.",8.0
45,Die Hard,Action/Thriller,1988,"An NYPD officer tries to save his wife and several others taken hostage by German terrorist Hans Gruber during a Christmas party at the Nakatomi Plaza in Los Angeles. The definitive action movie template.",8.2
46,Aliens,Sci-Fi/Action,1986,"Fifty-seven years after surviving an apocalyptic attack aboard her space vessel by merciless space creatures, Officer Ripley awakens from hypersleep and is beckoned to return to the alien home world. James Cameron's sequel elevated the original.",8.4
47,Terminator 2: Judgment Day,Sci-Fi/Action,1991,"A cyborg, identical to the one who failed to kill Sarah Connor, must now protect her teen aged son John from a more advanced and powerful cyborg. Revolutionary visual effects combined with genuine emotional depth.",8.6
48,The Wrestler,Drama/Sports,2008,"A faded professional wrestler must retire, but finds his quest for a new life outside the ring a dispiriting struggle. Mickey Rourke's raw comeback performance is the beating heart of this intimate character study.",7.9
49,Black Swan,Thriller/Drama,2010,"A committed dancer wins the lead role in a production of Tchaikovsky's Swan Lake only to find herself struggling to maintain her sanity. Natalie Portman's Oscar-winning performance is a tour de force.",8.0
50,The Prestige,Thriller/Mystery,2006,"After a tragic accident, two stage magicians engage in a battle to create the ultimate illusion while sacrificing everything they have to outwit each other. Christopher Nolan's puzzle-box thriller rewards repeated viewings.",8.5
51,Catch Me If You Can,Crime/Biography,2002,"Frank Abagnale Jr., a brilliant young con man, successfully passes himself off as a Pan American World Airways pilot, a Georgia doctor, and a Louisiana parish prosecutor before his 21st birthday. Based on a remarkable true story.",8.1
52,The Departed,Crime/Thriller,2006,"An undercover cop and a mole in the police attempt to identify each other while simultaneously infiltrating an Irish gang in South Boston. Scorsese's Oscar-winning crime saga is a masterclass in sustained tension.",8.5
53,Goodfellas,Crime/Biography,1990,"The story of Henry Hill and his life in the mob, covering his recollections of an Italian-American mob life from the 1950s through 1980s. Scorsese's kinetic masterpiece remains the gold standard of gangster cinema.",8.7
54,Casino,Crime/Drama,1995,"A tale of greed, deception, money, power, and murder occur between two best friends: a mafia enforcer and a casino executive compete against each other over a gambling empire, and over a fast-living socialite.",8.2
55,Shutter Island,Thriller/Mystery,2010,"In 1954, a U.S. Marshal investigates the disappearance of a murderer who escaped from a hospital for the criminally insane on a remote island. Scorsese builds an atmosphere of escalating paranoia toward a stunning revelation.",8.1
56,Mad Max 2: The Road Warrior,Action,1981,"In the post-apocalyptic Australian wasteland, a cynical drifter agrees to help a small community escape a band of bandits. George Miller's sequel perfected the post-apocalyptic template that spawned countless imitators.",7.6
57,The Road,Drama/Thriller,2009,"A father and his son walk alone through burned America after a cataclysm that has destroyed most of civilization and most life on earth. A bleak yet tender meditation on parental love in the darkest of circumstances.",7.2
58,Apocalypse Now,War/Drama,1979,"A special ops officer is sent to terminate a renegade Army Special Forces Colonel in the jungles of Vietnam. Coppola's Vietnam War epic is one of cinema's most ambitious and hallucinatory achievements.",8.4
59,Full Metal Jacket,War/Drama,1987,"A pragmatic U.S. Marine observes the dehumanizing effects that the Vietnam War has on his fellow recruits from their brutal boot camp training to the bloody street fighting in Hue. Kubrick's bifurcated masterpiece.",8.3
60,Platoon,War/Drama,1986,"A young soldier in Vietnam faces a moral crisis when confronted with the horrors of war and the duality of man. Oliver Stone's autobiographical film remains the definitive ground-level Vietnam War story.",8.1
61,Saving Private Ryan,War/Drama,1998,"Following the Normandy Landings, a group of U.S. soldiers go behind enemy lines to retrieve a paratrooper whose three brothers have been killed in action. Spielberg's D-Day sequence remains the most realistic combat ever filmed.",8.6
62,Chariots of Fire,Drama/Sports,1981,"Two British athletes compete for glory at the 1924 Paris Olympics: Eric Liddell, a devout Scottish Christian, and Harold Abrahams, an English Jew. A poignant exploration of faith, identity, and ambition.",7.1
63,The Theory of Everything,Drama/Biography,2014,"A look at the relationship between the famous physicist Stephen Hawking and his wife. Eddie Redmayne won the Academy Award for Best Actor for his transformation into the legendary scientist.",7.7
64,Bohemian Rhapsody,Drama/Biography/Music,2018,"The story of the legendary British rock band Queen and lead singer Freddie Mercury, leading up to their famous performance at the Live Aid concert. A crowd-pleasing tribute to one of rock's greatest showmen.",7.9
65,The Pianist,Drama/Historical,2002,"A Polish Jewish musician struggles to survive the destruction of the Warsaw ghetto of World War II. Adrien Brody's performance is a masterpiece of restraint in Roman Polanski's deeply personal film.",8.5
66,12 Years a Slave,Drama/Historical,2013,"In the antebellum United States, Solomon Northup, a free black man from upstate New York, is abducted and sold into slavery. Steve McQueen's unsparing film is one of the most important in the history of American cinema.",8.1
67,The Imitation Game,Drama/Biography/Thriller,2014,"Based on the real life story of legendary cryptanalyst Alan Turing, the film portrays the nail-biting race against time by Turing and his brilliant team of code-breakers at Bletchley Park. Benedict Cumberbatch is exceptional.",8.0
68,Spotlight,Drama/Biography,2015,"The true story of how the Boston Globe uncovered the massive scandal of child molestation and cover-up within the local Catholic Archdiocese, shaking the entire Catholic Church to its core. A precise and devastating film.",8.1
69,12 Angry Men,Drama,1957,"A jury holdout attempts to prevent a miscarriage of justice by forcing his colleagues to reconsider the evidence in a murder trial. Henry Fonda anchors one of cinema's greatest chamber dramas about the justice system.",9.0
70,Roman Holiday,Romance/Comedy,1953,"A young princess, tired of her royal duties, flees her handlers and meets a charming American newsman in Rome. Audrey Hepburn's debut performance is one of the most enchanting in Hollywood history.",8.0
71,Casablanca,Romance/Drama,1942,"A cynical American expatriate encounters a former lover, now the wife of a Czech resistance leader, in Casablanca during World War II. Perhaps Hollywood's most perfectly constructed romantic drama.",8.5
72,Singin' in the Rain,Musical/Romance/Comedy,1952,"A silent film production company and cast make a difficult transition to sound films. Gene Kelly's iconic rain-soaked dance sequence is cinema's most joyful moment.",8.3
73,The Wizard of Oz,Fantasy/Musical,1939,"Dorothy Gale is swept away from a farm in Kansas to a magical land of Oz in a tornado and embarks on a quest with her new friends to see the Wizard who can help her return home. A cornerstone of American fantasy cinema.",8.1
74,Some Like It Hot,Comedy,1959,"When two musicians witness a mob hit, they flee the state in an all-female band disguised as women, but further complications set in. Billy Wilder's comedy is frequently cited as the greatest comedy film ever made.",8.2
75,Annie Hall,Romance/Comedy,1977,"Neurotic New York comedian Alvy Singer falls in love with the ditzy Annie Hall. Woody Allen's Oscar-winning film redefined the romantic comedy genre with its self-referential wit.",8.0
76,The Grand Budapest Hotel,Comedy/Adventure,2014,"A writer encounters the owner of an aging European hotel as a young man, and he tells him of his early years serving as a lobby boy in the hotel's glorious years under an exceptional concierge. Wes Anderson at his most inventive.",8.1
77,Moonrise Kingdom,Comedy/Drama/Romance,2012,"A pair of young lovers flee their New England town, which causes a local search party to fan out to find them. Wes Anderson's most purely romantic film, filled with warmth and melancholy in equal measure.",7.8
78,The Martian,Sci-Fi/Adventure,2015,"An astronaut becomes stranded on Mars after his team assume him dead, and must rely on his ingenuity to find a way to signal to Earth that he is alive. Ridley Scott delivers his most optimistic and crowd-pleasing film.",8.0
79,Arrival,Sci-Fi/Drama,2016,"A linguist works with the military to communicate with alien lifeforms after twelve mysterious spacecraft appear around the world. Denis Villeneuve's cerebral sci-fi is built on a devastating emotional twist.",7.9
80,Zootopia,Animation/Comedy,2016,"In a city of anthropomorphic animals, a rookie bunny cop and a cynical con artist fox must work together to uncover a conspiracy. A sophisticated animated film with genuine things to say about prejudice and identity.",8.0
81,Inside Out,Animation/Drama,2015,"After young Riley is uprooted from her Midwest life and moved to San Francisco, her emotions — Joy, Fear, Anger, Disgust and Sadness — conflict on how best to navigate a new city, house, and school. Pixar's most emotionally intelligent film.",8.1
82,Up,Animation/Adventure,2009,"By tying thousands of balloons to his home, 78-year-old Carl Fredricksen sets out to fulfill his lifelong dream to see the wilds of South America and keep a promise made to his late wife. Opens with one of cinema's most affecting montages.",8.2
83,WALL-E,Animation/Sci-Fi,2008,"In the distant future, a small waste-collecting robot inadvertently embarks on a space journey that will ultimately decide the fate of mankind. A nearly wordless opening act that is pure cinema at its most expressive.",8.4
84,Finding Nemo,Animation/Adventure,2003,"After his son is taken by a diver, an anxious clownfish sets out on a journey across the ocean to find him, helped along the way by a friendly but forgetful fish named Dory. A love letter to the ocean and parental devotion.",8.1
85,The Notebook,Romance/Drama,2004,"A poor yet passionate young man falls in love with a rich young woman, giving her a sense of freedom, but they are soon separated because of their social differences. A quintessential weepy romance that launched Ryan Gosling's career.",7.8
86,Pride and Prejudice,Romance/Drama,2005,"Sparks fly when spirited Elizabeth Bennet meets single, rich, and proud Mr. Darcy. Joe Wright's adaptation of Austen's classic novel remains the definitive version for a new generation of viewers.",7.8
87,Sense and Sensibility,Romance/Drama,1995,"Rich in romance and wit, this adaptation of Jane Austen's novel tells the story of the Dashwood sisters, the reserved Elinor and the passionate Marianne. Emma Thompson won the Oscar for her screenplay.",7.7
88,A Beautiful Day in the Neighborhood,Drama/Biography,2019,"Based on the true story of a real-life friendship between Fred Rogers and journalist Tom Junod. Tom Hanks' gentle portrayal of Mr. Rogers is a tender meditation on kindness and healing childhood wounds.",7.4
89,Soul,Animation/Drama,2020,"A musician who has lost his passion for music is transported out of his body and must find his way back with the help of an unborn soul. Pixar's most philosophical film tackles the big question of what makes life worth living.",8.1
90,Coco,Animation/Fantasy,2017,"Aspiring musician Miguel, confronted with his family's ban on music, enters the Land of the Dead to find his great-great-grandfather. A visually dazzling celebration of Mexican culture and the importance of remembrance.",8.4
91,Toy Story,Animation/Comedy,1995,"A cowboy doll is profoundly threatened and jealous when a new spaceman figure supplants him as top toy in a boy's room. The world's first feature-length computer-animated film forever changed what was possible in cinema.",8.3
92,The Incredibles,Animation/Action,2004,"A family of undercover superheroes, while trying to live the quiet suburban life, are forced into action to save the world. Brad Bird's film is simultaneously a superhero action film, a family comedy, and a meditation on mediocrity.",8.0
93,Ratatouille,Animation/Comedy,2007,"A rat who can cook makes an unlikely alliance with a young kitchen worker at a famous Paris restaurant. Brad Bird's love letter to cuisine and creativity is Pixar's most purely delightful film.",8.1
94,Mulan,Animation/Action,1998,"To save her father from death in the army, a young woman secretly enlists, taking his place. An unconventional Disney heroine who proves her worth through courage and intelligence rather than romance.",7.6
95,Beauty and the Beast,Animation/Fantasy/Romance,1991,"A young woman falls in love with the beast who kidnapped her, while the beast yearns for love to break the curse that has transformed him. Disney's animated masterpiece was the first animated film nominated for Best Picture.",8.0
96,The Little Mermaid,Animation/Fantasy/Romance,1989,"A mermaid princess makes a reckless bargain with an unscrupulous sea-witch in order to meet a human prince on land. The film that relaunched the Disney Renaissance with its Broadway-style musical numbers.",7.6
97,Aladdin,Animation/Fantasy/Comedy,1992,"A street urchin tries to impress a princess by pretending to be a wealthy prince, with the help of a hilarious genie. Robin Williams' voice performance as the Genie remains one of the great comedic performances in any medium.",8.0
98,Frozen,Animation/Fantasy/Musical,2013,"When the newly crowned Queen Elsa accidentally uses her power to turn things into ice to curse her home in infinite winter, her sister Anna teams up with a mountain man, his playful reindeer, and a snowman to change the weather. A global phenomenon.",7.5
99,Moana,Animation/Fantasy/Adventure,2016,"In Ancient Polynesia, when a terrible curse incited by the Demigod Maui reaches an impetuous chief's daughter's island, she answers the ocean's call to seek out the Demigod to set things right. A gorgeous celebration of Polynesian culture.",7.6
100,Kiki's Delivery Service,Animation/Fantasy,1989,"A young witch uses her flying ability to earn a living in a new town, while dealing with the challenges of independence. Miyazaki's gentle coming-of-age fantasy is one of Studio Ghibli's most purely charming films.",7.8
101,2001: A Space Odyssey,Sci-Fi,1968,"After discovering a mysterious artifact buried beneath the Lunar surface, mankind sets off on a quest to find its origins with help from intelligent supercomputer H.A.L. 9000. Kubrick's epochal film redefined what science fiction cinema could be.",8.3
102,Blade Runner 2049,Sci-Fi,2017,"A young blade runner's discovery of a long-buried secret leads him to track down former blade runner Rick Deckard, who's been missing for thirty years. Denis Villeneuve's visually stunning sequel surpasses most expectations.",8.0
103,The Fifth Element,Sci-Fi/Action,1997,"In the colorful future, a cab driver unwillingly becomes the central figure in the search for a legendary cosmic weapon to keep Evil and Mr. Zorg at bay. Luc Besson's wildly inventive sci-fi opera.",7.6
104,Star Wars: Episode IV - A New Hope,Sci-Fi/Adventure,1977,"Luke Skywalker joins forces with a Jedi Knight, a cocky pilot, a Wookiee and two droids to save the galaxy from the Empire's world-destroying battle station. The film that changed popular cinema forever.",8.6
105,Star Wars: The Empire Strikes Back,Sci-Fi/Adventure,1980,"After the Rebels are overpowered by the Empire on the ice planet Hoth, Luke Skywalker begins Jedi training with Yoda, while his friends are pursued by Darth Vader. Widely considered the greatest sequel ever made.",8.7
106,E.T. the Extra-Terrestrial,Sci-Fi/Family,1982,"A troubled child summons the courage to help a friendly alien escape Earth and return to his home planet. Spielberg's most emotionally transparent film remains one of cinema's great tearjerkers.",7.9
107,Close Encounters of the Third Kind,Sci-Fi,1977,"Roy Neary, an everyday Indiana electric lineman, finds his quiet life disrupted when he has an encounter with a UFO. Spielberg's optimistic first contact story stands in contrast to most alien invasion narratives.",7.6
108,Jurassic Park,Sci-Fi/Adventure,1993,"A pragmatic paleontologist visiting an almost complete theme park is tasked with protecting a couple of kids after a power failure causes the park's cloned dinosaurs to run loose. Spielberg delivered a new benchmark in visual effects.",8.2
109,Contact,Sci-Fi/Drama,1997,"Dr. Ellie Arroway, after years of searching, finds conclusive radio proof of intelligent aliens, who send plans for a mysterious machine. Robert Zemeckis' patient, philosophical sci-fi rewards viewers who prefer ideas to spectacle.",7.5
110,Gattaca,Sci-Fi/Thriller,1997,"A genetically inferior man assumes the identity of a superior one in order to pursue his lifelong dream of space travel. Ethan Hawke stars in one of the most elegant and underrated science fiction films ever made.",7.8
111,The Thing,Horror/Sci-Fi,1982,"A research team in Antarctica is hunted by a shape-shifting alien that assumes the appearance of its victims. John Carpenter's paranoid masterpiece is one of the great ensemble horror films.",8.1
112,Alien,Sci-Fi/Horror,1979,"After a space merchant vessel perceives an unknown transmission as a distress call, its landing on the source moon finds one of the crew attacked by a mysterious lifeform, and they soon realize that its life cycle has merely begun. Ridley Scott's masterpiece.",8.5
113,Predator,Sci-Fi/Action,1987,"A team of commandos on a mission in a Central American jungle find themselves hunted by an extraterrestrial warrior. A stripped-down, brilliantly paced action-horror hybrid.",7.8
114,RoboCop,Sci-Fi/Action,1987,"In a dystopic and crime-ridden Detroit, a terminally wounded cop returns to the force as a powerful cyborg haunted by submerged memories. Paul Verhoeven's satire is disguised as a violent action film.",7.5
115,Total Recall,Sci-Fi/Action,1990,"When a man goes in to have memories of a holiday implanted, he finds himself on the run from operatives of the very company who run the memory clinic. Verhoeven delivers Schwarzenegger's most interesting film.",7.5
116,The Sixth Sense,Thriller/Horror,1999,"A boy who communicates with spirits seeks the help of a disheartened child psychologist. M. Night Shyamalan's film contains one of cinema's most famous twists, executed with remarkable skill.",8.1
117,Signs,Sci-Fi/Thriller,2002,"A family living on a farm finds mysterious crop circles in their fields which suggests something more frightening to come. M. Night Shyamalan mines genuine terror from glimpses and shadows rather than full reveals.",6.7
118,Unbreakable,Superhero/Drama,2000,"A man learns something extraordinary about himself after a devastating accident. M. Night Shyamalan's quiet, methodical deconstruction of the superhero origin story anticipated the genre's peak by two decades.",7.3
119,Split,Thriller/Horror,2016,"Three girls are kidnapped by a man with 24 distinct personalities and must try to escape before the apparent emergence of a frightful new 21st personality. James McAvoy delivers a showstopping multi-character performance.",7.3
120,Princess Mononoke,Animation/Fantasy,1997,"On a journey to find the cure for a Tatarigami's curse, Ashitaka finds himself in the middle of a war between the forest gods and Tatara, a mining colony. Miyazaki's epic is a masterpiece of environmental storytelling.",8.4
121,My Neighbor Totoro,Animation/Fantasy,1988,"When two girls move to the country to be near their ailing mother, they have adventures with the wondrous forest spirits who live nearby. Miyazaki's most purely joyful film is also his most beloved.",8.2
122,Nausicaä of the Valley of the Wind,Animation/Sci-Fi,1984,"In the post-apocalyptic future, Nausicaä, a young princess of the Valley of the Wind, struggles to prevent two warring nations from destroying themselves and their dying planet. Miyazaki's first and foundational masterpiece.",8.1
123,Castle in the Sky,Animation/Adventure,1986,"A young boy and a girl with a magic crystal must race against pirates and government agents to find a legendary floating castle. A pure adventure story told with irresistible energy and imagination.",8.0
124,Howl's Moving Castle,Animation/Fantasy,2004,"When an unconfident young woman is cursed with an old body by a spiteful witch, her only chance of breaking the spell lies with a self-indulgent yet insecure young wizard and his companions. A meditation on war and self-acceptance.",8.2
125,Ghost in the Shell,Animation/Sci-Fi,1995,"In the near future, a cyborg policewoman and her partner hunt a mysterious and powerful hacker called the Puppet Master. The foundational text of cyberpunk anime explores questions of consciousness and identity.",8.0
126,Akira,Animation/Sci-Fi,1988,"A secret military project endangers Neo-Tokyo when it turns a biker gang member into a rampaging psychic psychopath who can only be stopped by a group of psionic children. The film that introduced anime to Western audiences.",8.0
127,Perfect Blue,Animation/Thriller,1997,"A pop singer gives up her career to become an actress, but she is stalked by an obsessed fan and what seems to be a ghost of her past. Satoshi Kon's debut feature is a dazzling, disturbing psychological thriller.",8.0
128,Grave of the Fireflies,Animation/War/Drama,1988,"A young boy and his little sister struggle to survive in Japan during World War II. Studio Ghibli's most devastating film is a pacifist masterpiece that ranks among the saddest films ever made.",8.5
129,Wolf Children,Animation/Fantasy/Drama,2012,"A young woman falls in love with a wolf man, and after his death, she raises their two wolf children in rural Japan. A deeply moving examination of motherhood, identity, and the pain of growing up.",8.0
130,Your Name,Animation/Romance/Fantasy,2016,"Two strangers find themselves linked in a bizarre way. When a connection forms, will distance be the only thing to keep them apart? Makoto Shinkai's globally beloved film is the highest-grossing anime film of all time.",8.4
131,The Shining,Horror,1980,"A family heads to an isolated hotel for the winter where a sinister presence influences the father into violence, while his psychic son sees horrific forebodings from the past and future. Kubrick's horror masterpiece.",8.4
132,It,Horror,2017,"In the summer of 1989, a group of bullied kids band together to destroy a shape-shifting monster that has been terrorizing their small town. Bill Skarsgård's Pennywise is a genuinely terrifying creation.",7.3
133,A Nightmare on Elm Street,Horror,1984,"Teenagers in a small town are being killed in their dreams by a horribly disfigured man in a striped sweater and razor-fingered glove. Wes Craven's monster Freddy Krueger became one of horror's great icons.",7.5
134,Halloween,Horror,1978,"Fifteen years after murdering his sister on Halloween night 1963, Michael Myers escapes from a mental hospital and returns to the small town of Haddonfield to kill again. John Carpenter's film essentially created the slasher genre.",7.7
135,The Exorcist,Horror,1973,"When a teenage girl is possessed by a mysterious entity, her mother seeks the help of two priests to save her daughter. William Friedkin's film is widely considered the scariest movie ever made.",8.1
136,Hereditary,Horror/Drama,2018,"After the family matriarch passes away, a grieving family is haunted by disturbing secrets and an unsettling presence that emerges from their ancestry. Ari Aster's debut is one of the most relentlessly terrifying horror films in years.",7.3
137,Midsommar,Horror/Drama,2019,"A couple travels to Sweden to visit a rural hometown's fabled midsummer festival. What begins as an idyllic retreat quickly devolves into an increasingly violent and bizarre competition. A horror film drenched in sunlight.",7.1
138,Us,Horror/Thriller,2019,"A family's serene beach vacation turns to chaos when their doppelgängers appear and begin to terrorize them. Jordan Peele's follow-up to Get Out operates on multiple levels of social allegory and pure fright.",6.8
139,The Witch,Horror,2015,"A Puritan family living on the edge of a New England wilderness in the 17th century begins to fall apart due to a mysterious evil. Robert Eggers' debut is a period horror of extraordinary atmosphere and dread.",6.9
140,Arrival,Sci-Fi/Drama,2016,"A linguist works with the military to communicate with alien lifeforms after twelve mysterious spacecraft appear around the world. Denis Villeneuve's cerebral sci-fi is built on a devastating emotional twist.",7.9
141,Ex Machina,Sci-Fi/Thriller,2014,"A young programmer is selected to participate in a ground-breaking experiment in synthetic intelligence by evaluating the human qualities of a highly advanced humanoid A.I. A stunning debut feature about consciousness and manipulation.",7.7
142,Black Mirror: Bandersnatch,Sci-Fi/Thriller,2018,"In 1984, a young programmer begins to question reality as he adapts a dark fantasy novel into a video game and soon finds himself in a bizarre journey. Netflix's interactive Black Mirror film experiments with the nature of choice.",7.2
143,The Platform,Sci-Fi/Horror,2019,"A man wakes up in a vertical prison where food descends on a platform, with those above eating their fill and those below starving. A brutal Spanish sci-fi allegory about inequality and human nature.",7.0
144,Bong Joon-ho: Okja,Sci-Fi/Drama,2017,"A young girl risks everything to prevent a powerful multinational company from kidnapping her beloved pig. Bong Joon-ho's Netflix film tackles factory farming and corporate greed through the lens of a children's adventure.",7.3
145,The Shape of Water,Fantasy/Romance,2017,"At a top secret research facility in the 1960s, a lonely janitor forms a unique relationship with an amphibious creature that is being held in captivity. Guillermo del Toro's fairy tale for adults won four Academy Awards.",7.3
146,Pan's Labyrinth,Fantasy/Drama,2006,"In the Falangist Spain of 1944, the bookish young stepdaughter of a sadistic army officer escapes into an eerie but captivating fantasy world. Del Toro's dark fairy tale is simultaneously beautiful and heartbreaking.",8.2
147,Crimson Peak,Gothic Horror/Fantasy,2015,"In the aftermath of a family tragedy, an aspiring author is torn between love for her childhood friend and the temptation of a mysterious stranger. Del Toro's most purely romantic film is a lush Gothic ghost story.",6.5
148,The Lighthouse,Horror/Drama,2019,"A supernatural tale of two lighthouse keepers on a remote and mysterious New England island in the 1890s. Robert Eggers' hallucinatory film is an astonishing feat of atmosphere and performance from Pattinson and Dafoe.",7.5
149,Room,Drama/Thriller,2015,"After five-year-old Jack and his mother escape from the enclosed environment where they have lived for his entire life, the boy must learn to live in the wider world. An intimate film about trauma, love, and resilience.",8.1
150,Brooklyn,Drama/Romance,2015,"An Irish immigrant lands in 1950s Brooklyn, where she quickly falls into a romance with a local. When her past catches up with her, however, she must choose between two countries and the lives that exist within. Saoirse Ronan is luminous.",7.4
151,Manchester by the Sea,Drama,2016,"A depressed uncle is asked to take care of his teenage nephew after the boy's father dies. Kenneth Lonergan's film about grief and inability to forgive oneself is one of the most quietly devastating American films of the decade.",7.8
152,Moonlight,Drama,2016,"A young African-American man grapples with his identity and sexuality while experiencing the everyday struggles of childhood, adolescence, and burgeoning adulthood. Barry Jenkins' film won the Best Picture Oscar in unforgettable circumstances.",7.4
153,Lady Bird,Coming-of-Age/Drama,2017,"A headstrong teenager navigates the ups and downs of being a senior in high school during the 2002-2003 school year, clashing with her overly critical mother and dreaming of escaping Sacramento for New York. Greta Gerwig's debut.",7.4
154,Little Women,Drama/Romance,2019,"Jo March reflects back and forth on her life, telling the beloved story of the March sisters — four young women each determined to live life on their own terms. Greta Gerwig's adaptation is a joyful, feminist reinvention.",7.8
155,Marriage Story,Drama/Romance,2019,"A stage director and his actress wife struggle through a coast-to-coast divorce that pushes them to their personal extremes. Noah Baumbach's film is devastating and funny in equal measure, anchored by two great performances.",7.9
156,The Irishman,Crime/Drama/Biography,2019,"A mob hitman recalls his possible involvement with the slaying of Jimmy Hoffa. Scorsese's three-and-a-half-hour Netflix epic is a meditation on loyalty, violence, and old age, featuring career-best work from De Niro and Pesci.",7.8
157,Once Upon a Time in Hollywood,Drama/Comedy,2019,"A faded television actor and his stunt double strive to achieve fame and success in the film industry during the final years of Hollywood's Golden Age in 1969 Los Angeles. Tarantino's most nostalgic and sun-drenched film.",7.6
158,Knives Out,Mystery/Comedy,2019,"A detective investigates the death of a patriarch of an eccentric, combative family. Rian Johnson's ingeniously constructed whodunnit pulls the rug out from under the audience halfway through, then does it again.",7.9
159,The Favourite,Drama/Comedy/Historical,2018,"In early 18th century England, a frail Queen Anne occupies the throne and her close friend Lady Sarah Churchill governs the country in her stead. Yorgos Lanthimos delivers a savage comedy about power and manipulation.",7.5
160,Shoplifters,Drama,2018,"A family of small-time crooks take in a child they find outside in the cold. As the bonds between them deepen, their secrets begin to emerge. Koreeda's Palme d'Or winner is a heartbreaking exploration of chosen family.",8.0
161,Burning,Thriller/Mystery,2018,"Lee Jong-su is a part-time worker who bumps into Hae-mi, a girl who used to live in his neighborhood. She asks him to look after her cat while she travels to Africa. When she returns with Ben, Jong-su begins to suspect the worst. A hypnotic mystery.",7.5
162,Portrait of a Lady on Fire,Romance/Drama,2019,"On an isolated island in Brittany at the end of the eighteenth century, a female painter is obliged to paint a wedding portrait of a young woman. A hauntingly beautiful film about desire and the male gaze.",8.1
163,Capernaum,Drama,2018,"A 12-year-old Lebanese boy sues his parents for neglect and reflects on his experiences of poverty and loss. Nadine Labaki's devastating film features a stunning performance from its non-professional lead.",8.4
164,A Separation,Drama/Thriller,2011,"A married couple are faced with a difficult decision — to improve the life of their child by moving to another country or to stay in Iran and look after a deteriorating parent. Asghar Farhadi's morally complex masterpiece.",8.3
165,The White Ribbon,Mystery/Drama,2009,"Strange events happen in a small Protestant village in northern Germany just before World War I, as the local children appear to be connected. Michael Haneke's black-and-white investigation of the origins of fascism.",7.8
166,Blue Is the Warmest Colour,Romance/Drama,2013,"Adèle's life is changed when she meets Emma, a young woman with blue hair, who will allow her to discover desire and to assert herself as a woman and as an adult. A rawly honest portrait of first love.",7.7
167,Before Sunrise,Romance/Drama,1995,"A young man and woman meet on a train in Europe and agree to spend one evening together in Vienna knowing they will probably never see each other again. Richard Linklater's film captures the electric feeling of falling in love in real time.",8.1
168,Before Sunset,Romance/Drama,2004,"Nine years after Jesse and Celine first met, they encounter each other again on the last leg of Jesse's book tour before his flight home. Almost entirely set in real time, the film feels like stolen time recovered.",8.1
169,Boyhood,Drama,2014,"The life of Mason, from early childhood to his arrival at college, is presented as a single seamless narrative. Richard Linklater filmed the same cast over 12 years in a one-of-a-kind experiment in naturalistic cinema.",7.9
170,The Tree of Life,Drama/Fantasy,2011,"The film follows the life journey of the eldest son, Jack, through the 1950s childhood of his family in Waco, Texas and into a modern day Texas sky. Terrence Malick's most personal and formally radical work.",6.8
171,Midnight in Paris,Romance/Comedy/Fantasy,2011,"While on a trip to Paris with his fiancée's family, a nostalgic screenwriter finds himself mysteriously going back to the 1920s every day at midnight. Woody Allen's most popular film in decades.",7.7
172,The Secret Life of Walter Mitty,Adventure/Drama/Comedy,2013,"When his job along with that of his co-worker are threatened, Walter takes action in the real world embarking on a global journey that turns into an adventure. Ben Stiller's gorgeous celebration of wanderlust.",7.3
173,Into the Wild,Adventure/Drama/Biography,2007,"After graduating from Emory University, top student and athlete Christopher McCandless abandons his possessions, gives his entire savings account to charity and hitchhikes to Alaska to live in the wilderness. An American idealist tragedy.",8.1
174,127 Hours,Drama/Adventure/Biography,2010,"An adventurous mountain climber becomes trapped under a boulder while canyoneering alone near Moab, Utah and resorts to desperate measures in order to survive. Danny Boyle brings explosive energy to a story of impossible survival.",7.6
175,Wild,Drama/Adventure/Biography,2014,"A woman, after the death of her mother, and the subsequent disintegration of her marriage and personal life, regroups by hiking more than a thousand miles on the Pacific Crest Trail alone. Reese Witherspoon is raw and revelatory.",7.1
176,The Revenant,Drama/Adventure,2015,"A frontiersman on a fur trading expedition in the 1820s fights for survival after being mauled by a bear. Leonardo DiCaprio won his long-awaited Oscar for a physically demanding, almost wordless performance.",8.0
177,Everest,Drama/Adventure/Biography,2015,"The story of the 1996 Mount Everest disaster where eight people lost their lives in a ferocious storm. A visually spectacular but emotionally gripping account of human ambition and its cost.",7.1
178,The Walk,Drama/Biography,2015,"The story of Philippe Petit's daring, but illegal, high-wire walk between the Twin Towers on August 7, 1974. Robert Zemeckis' film makes the heart stop even when you know the outcome.",7.3
179,Bohemian Rhapsody,Drama/Biography/Music,2018,"The story of the legendary British rock band Queen and lead singer Freddie Mercury, leading up to their famous performance at the Live Aid concert.",7.9
180,Rocketman,Drama/Biography/Music,2019,"A musical fantasy about the fantastical human story of Elton John's breakthrough years. Taron Egerton commits fully to the role, delivering both the songs and the man's volcanic emotional life.",7.3
181,Straight Outta Compton,Drama/Biography/Music,2015,"The group NWA emerges from the mean streets of Compton in Los Angeles, California, in the mid-1980s and revolutionizes pop culture with their music and tales about life in the hood. An energetic celebration of hip-hop's origins.",7.9
182,8 Mile,Drama/Music,2002,"A young rapper, struggling with every aspect of his life, wants to make it big but his friends and foes make this odyssey of rap harder than it may seem. Eminem's surprisingly effective acting debut.",7.2
183,Hustle and Flow,Drama/Music,2005,"With help from his friends, a Memphis pimp in a mid-life crisis attempts to fulfill his dream of becoming a successful hip-hop artist. A gritty, sympathetic portrait of creative ambition in desperate circumstances.",7.5
184,Almost Famous,Drama/Comedy/Music,2000,"A high-school boy in the early 1970s is given the chance to write a story for Rolling Stone magazine about an up-and-coming rock band as he accompanies them on their concert tour. Cameron Crowe's most personal film.",7.9
185,School of Rock,Comedy/Music,2003,"After being kicked out of his rock band, Dewey Finn becomes a substitute teacher of an uptight elementary private school, only to try and turn his class into a rock band. Jack Black's most beloved and purely fun performance.",7.1
186,The Blues Brothers,Musical/Comedy/Action,1980,"Jake Blues, just out from prison, puts together his old band to save the Catholic home where he and his brother Elwood were raised. A spectacular and hilarious celebration of blues and soul music that invented the modern movie musical.",7.9
187,O Brother Where Art Thou,Comedy/Crime/Music,2000,"In the deep south during the 1930s, three escaped convicts search for hidden treasure while a relentless lawman pursues them. The Coen Brothers' loose adaptation of the Odyssey is packed with brilliant music and comic invention.",7.8
188,Fargo,Crime/Thriller/Comedy,1996,"Jerry Lundegaard's inept crime falls apart due to his and his henchmen's bungling and the persistent police work of the quite pregnant Marge Gunderson. Frances McDormand won the Oscar in one of the great police procedural films.",8.1
189,The Big Lebowski,Comedy/Crime,1998,"'The Dude' Lebowski, mistaken for a millionaire Lebowski, seeks restitution for his ruined rug and enlists his bowling buddies to help get it. The Coen Brothers' most beloved cult comedy.",8.1
190,Burn After Reading,Comedy/Crime/Thriller,2008,"A disk containing memoirs of a CIA analyst falls into the hands of two unscrupulous gym employees who attempt to sell it. A darkly comic portrait of Washington D.C. incompetence and self-delusion.",7.0
191,Prisoners,Crime/Thriller/Drama,2013,"When Keller Dover's daughter and her friend go missing, he takes matters into his own hands as the police pursue multiple leads and the pressure mounts. Denis Villeneuve's American debut is a morally devastating thriller.",8.1
192,Zodiac,Crime/Thriller,2007,"A San Francisco cartoonist becomes an amateur detective obsessed with tracking down the Zodiac killer, a serial murderer who terrified the San Francisco Bay Area, targeting cops and leaving cryptic messages. Fincher at his most methodical.",7.7
193,Se7en,Crime/Thriller,1995,"Two detectives, a rookie and a veteran, hunt a serial killer who uses the seven deadly sins as his motives. David Fincher's film contains one of cinema's most memorable and disturbing final scenes.",8.6
194,Gone Girl,Thriller/Mystery,2014,"With his wife's disappearance having become the focus of an intense media circus, a man sees the spotlight turned on him when it's suspected that he may not be innocent. David Fincher at his most icily manipulative.",8.1
195,The Girl with the Dragon Tattoo,Thriller/Mystery,2011,"Journalist Mikael Blomkvist is aided in his search for a woman who has been missing for forty years by Lisbeth Salander, a young computer hacker. Fincher brings his characteristic precision to this Scandinavian thriller.",7.8
196,Heat,Crime/Thriller,1995,"A group of professional bank robbers start to feel the heat from police when they unknowingly leave a clue at their latest heist. Michael Mann's three-hour crime epic contains the greatest coffee-shop scene in cinema history.",8.3
197,Collateral,Crime/Thriller,2004,"A cab driver finds himself the hostage of an engaging contract killer as he makes his rounds from hit to hit during one night in Los Angeles. Tom Cruise plays against type with electrifying effect.",7.6
198,Nightcrawler,Crime/Thriller,2014,"When Louis Bloom, a con man desperate for work, muscles into the world of L.A. crime journalism, he blurs the line between observer and participant to become the star of his own story. Jake Gyllenhaal is genuinely frightening.",7.9
199,Drive,Crime/Action,2011,"A mysterious Hollywood stuntman and mechanic moonlights as a getaway driver and finds himself in trouble when he tries to help out his neighbor. Ryan Gosling's most perfectly calibrated performance.",7.8
200,Baby Driver,Crime/Action/Music,2017,"After being coerced into working for a crime boss, a young getaway driver finds himself taking part in a heist doomed to fail. Edgar Wright choreographs action to music with virtuosic skill.",7.6
201,Whiplash,Drama/Music,2014,"A promising young drummer enrolls at a cut-throat music conservatory where his dreams of greatness are challenged by an abusive instructor.",8.5
202,Black Panther,Action/Sci-Fi,2018,"T'Challa, heir to the hidden but advanced kingdom of Wakanda, must step forward to lead his people into a new future and must confront a challenger from his country's past. Ryan Coogler's film is a cultural milestone.",7.3
203,Spider-Man: Into the Spider-Verse,Animation/Action,2018,"Teen Miles Morales becomes the Spider-Man of his universe and must join with five spider-powered individuals from other dimensions to stop a threat for all realities. The most visually innovative animated superhero film ever made.",8.4
204,Thor: Ragnarok,Action/Comedy,2017,"Imprisoned on the planet Sakaar, Thor must race against time to return to Asgard and stop Ragnarök, the destruction of his world at the hands of the powerful and ruthless villain Hela. Taika Waititi reinvents Thor as a comedy.",7.9
205,Guardians of the Galaxy,Action/Sci-Fi/Comedy,2014,"A group of intergalactic criminals must pull together to stop a fanatical warrior with plans to purge the universe. James Gunn's space opera is the most unexpectedly hilarious film in the Marvel catalogue.",8.0
206,Iron Man,Action/Sci-Fi,2008,"After being held captive in an Afghan cave, billionaire engineer Tony Stark creates a unique weaponized suit of armor to fight evil. Robert Downey Jr.'s performance launched the Marvel Cinematic Universe.",7.9
207,Captain America: The Winter Soldier,Action/Thriller,2014,"As Steve Rogers struggles to embrace his role in the modern world, he teams up with a fellow Avenger and S.H.I.E.L.D agent, Black Widow, to battle a new threat from history. The Russo Brothers bring political thriller energy to Marvel.",7.8
208,Logan,Action/Drama,2017,"In the near future, a weary Logan cares for an ailing Professor X somewhere on the Mexican border. When a young mutant arrives being pursued by dark forces, Logan must protect the girl and battle the demons from his own past.",8.1
209,Deadpool,Action/Comedy,2016,"A wisecracking mercenary gets experimented on and becomes immortal but ugly, and sets out to track down the man who ruined his looks. Ryan Reynolds finally got the Deadpool movie he had spent over a decade trying to make.",8.0
210,Doctor Strange,Action/Sci-Fi/Fantasy,2016,"A former neurosurgeon embarks on a journey of healing only to be drawn into the world of the mystic arts. A visually inventive entry into the MCU that explores the multiverse concept.",7.5
211,Ant-Man,Action/Comedy/Sci-Fi,2015,"Armed with a super-suit with the astonishing ability to shrink in scale but increase in strength, cat burglar Scott Lang must embrace his inner hero and help his mentor protect the secret behind his spectacular Ant-Man suit from a new generation of towering threats.",7.3
212,Wonder Woman,Action/Drama,2017,"Before she was Wonder Woman she was Diana, princess of the Amazons, trained warrior. When a pilot crashes and tells of conflict in the outside world, Diana leaves home to fight a war to end all wars. Patty Jenkins delivers the definitive DC superhero film.",7.4
213,Aquaman,Action/Fantasy,2018,"Arthur Curry, the human-born heir to the underwater kingdom of Atlantis, goes on a quest to prevent a war between the worlds of ocean and land. James Wan delivers spectacular underwater action sequences.",6.9
214,Shazam!,Action/Comedy,2019,"We all have a superhero inside us, it just takes a bit of magic to bring it out. In Billy Batson's case, by shouting out one word, this streetwise 14-year-old foster kid can turn into the adult superhero Shazam. A charming, family-friendly DC entry.",7.0
215,Joker,Drama/Thriller,2019,"In Gotham City, mentally troubled comedian Arthur Fleck is disregarded and mistreated by society. He then embarks on a downward spiral of revolution and bloody crime. Joaquin Phoenix's committed performance is extraordinary.",8.4
216,The Batman,Crime/Action,2022,"When the Riddler, a sadistic serial killer, begins murdering key political figures in Gotham, Batman is forced to investigate the city's hidden corruption and question his family's involvement. Matt Reeves brings a brooding detective noir to the character.",7.9
217,Dune,Sci-Fi/Adventure,2021,"A noble family becomes embroiled in a war for control over the galaxy's most valuable asset while its heir becomes troubled by visions of a dark future. Denis Villeneuve's adaptation of Frank Herbert's masterwork is visually staggering.",8.0
218,Arrival,Sci-Fi/Drama,2016,"When mysterious spacecraft touch down across the globe, an elite team is put together to investigate, including language expert Louise Banks. A film about language, time, and grief that builds to a shattering conclusion.",7.9
219,Tenet,Action/Sci-Fi,2020,"Armed with only one word, Tenet, and fighting for the survival of the entire world, a protagonist journeys through a twilight world of international espionage on a mission that will unfold in something beyond real time. Christopher Nolan at his most cryptic.",7.4
220,Dunkirk,War/Drama/Action,2017,"Allied soldiers from Belgium, the British Commonwealth and Empire and France are surrounded by the German Army and evacuated during a fierce battle in World War II. Nolan's most formally austere and immersive film.",7.9
221,1917,War/Drama,2019,"As a regiment assembles to wage war deep in enemy territory, two soldiers are assigned to race against time and deliver a message that will stop 1,500 men from walking straight into a deadly trap. Deakins' one-take cinematography is astonishing.",8.3
222,Hacksaw Ridge,War/Biography/Drama,2016,"The true story of Desmond T. Doss, the conscientious objector who, at the Battle of Okinawa, won the Medal of Honor for his incredible bravery and regard for his fellow soldiers. Gibson's comeback as director is stunning.",8.1
223,Midway,War/Action,2019,"The story of the Battle of Midway, told by the leaders and sailors who fought it. A straightforward celebration of American military heroism in one of the Pacific War's decisive confrontations.",6.7
224,The Revenant,Drama/Adventure,2015,"A frontiersman on a fur trading expedition in the 1820s fights for survival after being mauled by a bear. Iñárritu and Lubezki capture the American wilderness with breathtaking beauty.",8.0
225,Roma,Drama,2018,"A year in the life of a middle-class family's maid in Mexico City in the early 1970s. Alfonso Cuarón's black-and-white masterpiece is a deeply personal meditation on class, gender, and memory. Won three Academy Awards.",7.7
226,The Farewell,Drama/Comedy,2019,"A Chinese-American woman returns to China under the guise of a fake wedding to stow away her family's bombshell news from her beloved grandma. Lulu Wang's film navigates cultural collision with delicate grace.",7.5
227,Crazy Rich Asians,Romance/Comedy,2018,"This contemporary romantic comedy, based on a global bestseller, follows native New Yorker Rachel Chu to Singapore to meet her boyfriend's family. A charming, opulent celebration of Asian-American culture and identity.",6.9
228,Always Be My Maybe,Romance/Comedy,2019,"Childhood friends Sasha and Marcus reconnect after sixteen years when Sasha returns to San Francisco. Ali Wong and Randall Park have irresistible chemistry in this sweet, funny romantic comedy.",6.8
229,To All the Boys I've Loved Before,Romance/Comedy,2018,"Lara Jean's love life goes from imaginary to out of control when her secret love letters are unexpectedly mailed out. Peter Kavinsky became the internet's favourite fictional boyfriend overnight.",7.0
230,Eighth Grade,Coming-of-Age/Drama,2018,"An introverted thirteen-year-old girl tries to survive the last week of her disastrous middle school career before starting high school. Bo Burnham's directorial debut captures adolescence with painful accuracy.",7.4
231,Superbad,Comedy,2007,"Two co-dependent high school seniors are forced to deal with separation anxiety after their plan to stage a booze-soaked party goes awry. A raucously funny celebration of male friendship and teenage anxiety.",7.6
232,The Hangover,Comedy,2009,"Three buddies wake up from a bachelor party in Las Vegas, with no memory of the previous night and the bachelor missing. They make their way around the city in order to find their friend before his wedding. A comedy machine that works perfectly.",7.7
233,Bridesmaids,Comedy/Romance,2011,"Competition between the maid of honor and a bridesmaid, over who is the bride's best friend, threatens to upend the life of an out-of-luck woman. Kristen Wiig's breakthrough is one of the funniest films about female friendship.",6.8
234,Crazy, Stupid, Love,Romance/Comedy,2011,"A middle-aged husband's life changes dramatically when his wife asks for a divorce. He seeks to rediscover his manhood with the help of a newfound friend this is particularly good at picking up girls. A warm and surprisingly tender film.",7.4
235,About Time,Romance/Comedy/Drama,2013,"At the age of 21, Tim discovers he can travel in time and change what happens and has happened in his own life. He decides to use this ability to get a girlfriend. Richard Curtis' most emotionally resonant film.",7.8
236,Me Before You,Romance/Drama,2016,"A small-town girl is caught between dead-end jobs. A change arrives in the form of a man who enters her life in an unexpected way. Emilia Clarke and Sam Claflin bring genuine chemistry to this weepy romance.",7.4
237,The Fault in Our Stars,Romance/Drama,2014,"Two teenage cancer patients begin a life-affirming journey to visit a reclusive author in Amsterdam. A tearjerker that earns its tears through genuine performances and an understanding of how illness transforms young lives.",7.7
238,Call Me by Your Name,Romance/Drama,2017,"In 1980s Italy, romance blossoms between a seventeen-year-old student and the older man hired as his father's research assistant. Luca Guadagnino's luminous film captures the particular agony of first love.",7.9
239,Brokeback Mountain,Romance/Drama,2005,"The story of a complex romantic and sexual relationship between two cowboys and their lives over the years. Ang Lee's film was a landmark in LGBTQ+ cinema, nominated for eight Academy Awards.",7.7
240,Carol,Romance/Drama,2015,"An aspiring photographer develops an intimate relationship with an older woman in 1950s New York. Todd Haynes' film is a masterpiece of visual storytelling, conveying desire through glances and gestures.",7.2
241,The Remains of the Day,Drama/Romance,1993,"A butler who sacrificed body and soul to service in the years leading up to World War II realizes too late how misguided his loyalty and his heart truly were. Anthony Hopkins and Emma Thompson create one of cinema's great almost-romances.",7.8
242,Atonement,Drama/Romance,2007,"Fledgling writer Briony Tallis irrevocably changes the course of several lives when she accuses her older sister's lover of a crime he did not commit. A devastating examination of guilt, memory, and the limits of fiction.",7.8
243,Shakespeare in Love,Romance/Comedy/Historical,1998,"A young Shakespeare, out of ideas and short of cash, meets his ideal woman and is inspired to write Romeo and Juliet. Joseph Fiennes and Gwyneth Paltrow have sparkling chemistry in this Oscar-winning romantic comedy.",7.1
244,Much Ado About Nothing,Romance/Comedy,1993,"Benedick and Beatrice, both vocal opponents of love, are tricked by their friends into falling for each other in Shakespeare's most effortlessly funny romantic comedy. Kenneth Branagh's adaptation is a pure delight.",7.3
245,My Big Fat Greek Wedding,Romance/Comedy,2002,"A young Greek woman falls in love with a non-Greek and struggles to get her family to accept him while she goes through a process of self-discovery. A low-budget sleeper hit that became one of the most profitable romantic comedies of all time.",6.6
246,The Terminal,Drama/Comedy/Romance,2004,"An eastern European tourist's homeland is engulfed in a coup while he's in the air, leaving him stranded in JFK airport indefinitely. Tom Hanks and Spielberg create a charming fable about displacement and human kindness.",6.7
247,Cast Away,Drama/Adventure,2000,"A FedEx executive undergoes a physical and emotional transformation after crash landing on a deserted island. Tom Hanks' silent performance opposite a volleyball named Wilson is one of cinema's great one-man shows.",7.8
248,The Pursuit of Happyness,Drama/Biography,2006,"A struggling salesman takes custody of his son as he's poised to begin a life-changing professional endeavor. Will Smith gives a performance of quiet, sustained dignity that transcends the film's inspirational formula.",8.0
249,Hidden Figures,Drama/Biography,2016,"The story of a team of female African-American mathematicians who served a vital role in NASA during the early years of the U.S. space program. An uplifting celebration of overlooked heroes.",7.8
250,The Blind Side,Drama/Biography,2009,"The story of Michael Oher, a homeless and traumatized boy who became an All American football player and first round NFL draft pick with the help of a caring woman and her family. Sandra Bullock won the Oscar for her performance.",7.7
